olivecentre,$14740,One-Time Purchases,OLIVE CENTRE INC 00-080 VANCOUVER
kristenholbrook,$14541,Counseling,KRISTEN HOLBROOK COUNS NORTH VANCOUVER
costcowholesale,$5924,Groceries,"COSTCO WHOLESALE W552 VANCOUVER , COSTCO WHOLESALE W255 PORT COQUI"
amazon,$5517,Online Purchase,"AMZN Mktp CA*R71V680M1 WWW.AMAZO, AMAZON.CA*ZE0KG9VA0 AMAZON.CA, AMZN MKTP CA*ZE10S4V80 WWW.AMAZON.CA, AMZN MKTP CA*ZE16A1YO2 WWW.AMAZON.CA, AMZN MKTP CA*ZE7600XS0 WWW.AMAZON.CA, AMAZON.CA*ZX0E80B60 AMAZON.CA, AMAZON.CA PRIME MEMBER AMAZON.CA/PRI, AMAZON.CA*ZL7L56WB2 AMAZON.CA, AMAZON.CA*Z31T04I80 AMAZON.CA, AMAZON.CA*Z31TO65T1 AMAZON.CA, AMAZON.CA*Z32TE2VV1 AMAZON.CA, AMAZON.CA*Z33MX62K2 AMAZON.CA, AMAZON.CA*Z39SN89M2 AMAZON.CA, AMZN MKTP CA*Z34745962 WWW.AMAZON.CA, AMZN MKTP CA*Z37H84ZR2 WWW.AMAZON.CA, AMZN MKTP CA*P46PA31W3 WWW.AMAZON.CA, AMZN MKTP CA*Z32M733Z0 WWW.AMAZON.CA, AMZN MKTP CA*Z36696J40 WWW.AMAZON.CA, AMAZON.CA*YW3KR87Z3 AMAZON.CA, AMZN MKTP CA*9A2R94OD3 WWW.AMAZON.CA, AMZN MKTP CA*NF4616JQ3 WWW.AMAZON.CA, AMAZON.CA*QO3634J93 AMAZON.CA, AMZN MKTP CA*457QQ1HR3 WWW.AMAZON.CA, AMZN MKTP CA*JK6KF65M3 WWW.AMAZON.CA, AMZN MKTP CA*057FM55O3 WWW.AMAZON.CA, AMZN MKTP CA*LJ0AA4MI3 WWW.AMAZON.CA, AMAZON.CA*GJ1WU88M3 AMAZON.CA, AMAZON.CA*D08XI97T3 AMAZON.CA, AMZN MKTP CA*7A3RL7C93 WWW.AMAZON.CA, AMZN MKTP CA*968H67743 WWW.AMAZON.CA, AMZN MKTP CA*FU5W84TU3 WWW.AMAZON.CA, AMZN MKTP CA*KG7J904E3 WWW.AMAZON.CA, AMZN MKTP CA*XA3596VG3 WWW.AMAZON.CA, AMZN MKTP CA*WG82H3OY3 WWW.AMAZON.CA, AMZN MKTP CA*HC87D12Q3 WWW.AMAZON.CA, AMAZON.CA*014PN3AY3 AMAZON.CA, AMZN MKTP CA*U56UW7MD3 WWW.AMAZON.CA, AMZN MKTP CA*K62PL1NF3 WWW.AMAZON.CA, AMZN MKTP CA*XP31U8B73 WWW.AMAZON.CA, AMZN MKTP CA*263A23Y43 WWW.AMAZON.CA, AMZN MKTP CA*6K1F69S63 WWW.AMAZON.CA, AMZN MKTP CA*QZ4GZ5LK3 WWW.AMAZON.CA, AMAZON.CA*426VD85D3 AMAZON.CA, AMZN MKTP CA*R82UE1VC3 WWW.AMAZON.CA, AMZN MKTP CA*406FE6793 WWW.AMAZON.CA, AMZN MKTP CA*MO1S72P43 WWW.AMAZON.CA, AMZN MKTP CA*F451G9UO3 WWW.AMAZON.CA, AMZN MKTP CA*FY01V3SR3 WWW.AMAZON.CA, AMZN MKTP CA*Z85R86330 WWW.AMAZON.CA, AMAZON.CA*Z808J2E70 AMAZON.CA, AMZN MKTP CA*Z89426ZX2 WWW.AMAZON.CA, AMZN MKTP CA*Z86U65LS2 WWW.AMAZON.CA, AMZN MKTP CA*ZT9ZH09F0 WWW.AMAZON.CA, AMZN MKTP CA*ZT52A3RP2 WWW.AMAZON.CA, AMZN MKTP CA*ZT86T5XR2 WWW.AMAZON.CA, AMZN MKTP CA*RK28B5WS0 WWW.AMAZON.CA, AMZN MKTP CA*RK6CQ4V12 WWW.AMAZON.CA, AMZN MKTP CA*RK90X5AG2 WWW.AMAZON.CA, AMZN MKTP CA*RK9X78AO2 WWW.AMAZON.CA, AMAZON.CA*R48X82K61 AMAZON.CA, AMZN MKTP CA*R42TT4K11 WWW.AMAZON.CA, AMZN MKTP CA*RK3NV6AD2 WWW.AMAZON.CA, PRIMEVIDEO.C*RU4U62GX0 WWW.AMAZON.CA, AMAZON.CA*RF6OL92D0 AMAZON.CA, AMZN MKTP CA*RF4DG46X0 WWW.AMAZON.CA, AMZN MKTP CA*RF0LL2T20 WWW.AMAZON.CA, AMZN MKTP CA*RV6IO8UZ0 WWW.AMAZON.CA, AMAZON.CA*RV0UF4J62 AMAZON.CA, AMAZON.CA*RJ82E6EE1 AMAZON.CA, AMZN MKTP CA*RJ4626L92 WWW.AMAZON.CA, AMZN MKTP CA*TD1UQ27C3 WWW.AMAZON.CA, AMZN MKTP CA*Q06U81FZ3 WWW.AMAZON.CA, AMZN MKTP CA*4828B5GB3 WWW.AMAZON.CA, AMZN MKTP CA*XJ1MR0HB3 WWW.AMAZON.CA, AMZN MKTP CA*S03I14MB3 WWW.AMAZON.CA, AMZN MKTP CA*T56TE8BE3 WWW.AMAZON.CA, AMZN MKTP CA*UH54973C3 WWW.AMAZON.CA, AMZN MKTP CA*QA2WQ0W33 WWW.AMAZON.CA, AMZN MKTP CA*FC5RL8RS3 WWW.AMAZON.CA, AMZN MKTP CA*O77I589L3 WWW.AMAZON.CA, AMZN MKTP CA*WU83X3LA3 WWW.AMAZON.CA, AMZN MKTP CA*RK4PP58A3 WWW.AMAZON.CA, AMZN MKTP CA*ZP6F143U3 WWW.AMAZON.CA, AMZN MKTP CA*RA19P32M2 WWW.AMAZON.CA, AMZN MKTP CA*RW4622PT1 WWW.AMAZON.CA, AMZN MKTP CA*RB5EP3G80 WWW.AMAZON.CA, AMZN MKTP CA*R03D141Y0 WWW.AMAZON.CA, AMZN MKTP CA*R00IA1OQ0 WWW.AMAZON.CA, AMZN MKTP CA*RT2PA76D1 WWW.AMAZON.CA"
pommenatural,$4703,Groceries,"POMME NATURAL MARKET PORT COQUIT, POMME NATURAL MARKET 40 PORT COQUITLAM"
coffee,$3905,Prepared Food,"SQ *JJ BEAN COFFEE ROA Coquitlam, REPUBLICA COFFEE ROAST LANGLEY B, CREEKSIDE COFFEE FACTO COQUITLAM, SQ *BEANERY INC. San Francisco C, C MARKET COFFE HQ PT-COQUITLAM B, BLACKBERRY COFFEE CORN COQUITLAM, CAFE CIEL COQUITLAM BC, LA FORET CAFE - AUSTIN Coquitlam, SQ *COFFEE   VANILLA Coquitlam B, SQ *COURIER COFFEE LLC Portland , SQ *CAFFE DIVANO Coquitlam BC, DUDES COFFEE HOUSE SURREY BC, SQ *REGARD COFFEE ROAS Nanaimo B, BLACK SUGAR COFFEE HOU PORT MOOD, CAFFE MIRA VANCOUVER BC, WAVES COFFEE COQ CTRE COQUITLAM , BEAN AROUND THE WORLD VANCOUVER , LINH CAFE VANCOUVER BC, HORN OF PLENTY CAFE AGASSIZ BC, MUDDY WATERS CAFE HARRISON HOT B, BABYLON CAFE VANCOUVER BC, 49 TH PARALLEL COFFEE NORTH VANC, Matchstick Coffee Vancouver BC, BREKA BAKERY & CAFE VANCOUVER BC, TST-Cassette Cafe and Salt Sprin, CULTURED COFFEE & TEA VANCOUVER , =CMARKETCOFFEHQ 001 PT-COQUITLAM, CAFFE MIRA 412055711 NEW WESTMINSTER, JJ BEAN COFFEE ROASTERS Coquitlam, WOODS COFFEE - BIRCH BA Blaine, PEACE ARCH CITY CAFE 06 BLAINE, CAFE DELITZI 001 COQUITLAM, =CMARKETCOFFEE 001 PORT COQUITLA, BLACKBERRY COFFEE CORNE COQUITLAM, STOMPING GROUNDS CAFE A Pitt Meadows, C MARKET COFFE HQ 001 PT-COQUITLAM, 49 TH PARALLEL COFFEE R NORTH VANCOUVER, BREKA BAKERY & CAFE 411 VANCOUVER, TREE HOUSE CAFE 4044365 SALT SPRING ISL, BREKA BAKERY & CAFE 410 VANCOUVER, SMOKING GUN COFFEE 001 CHILLIWACK, OLD HAND COFFEE COMPANY Abbotsford, BREKA BAKERY & CAFE 409 VANCOUVER, THE HARD BEAN BRUNCH CO PORT MOODY, TAKE FIVE CAFE PORT C PT-COQUITLAM, CAFE OLE 001 PORT COQUITLA, CAFFE DELISH Port Coquitlam, REGARD COFFEE ROASTERS Nanaimo, KELLY'S KITCHEN CAFE NANAIMO, T J BEANS 00-0803625177 SALT SPRING I, DISCOVERY COFFEE 004 VICTORIA, GRAYS CAFE INC Sidney, COFFEE + VANILLA Coquitlam, GREENHORN CAFE Vancouver, COFFEEHOLIC 412512018 COQUITLAM, BLUE BOTTLE COFFEE San Francisco, CAFE CIEL 001 COQUITLAM, CAFE VILLAGGIO 001 VANCOUVER, ANALOG COFFEE YALETOWN Vancouver, CREEKSIDE COFFEE FACTOR COQUITLAM, BRISK CAFE 412051041 COQUITLAM, ELYSIAN COFFEE Vancouver, INBTWN CAFE Vancouver, REVOLVER COFFEE INC. Gastown"
ubereats,$3827,Prepared Food,"UBER CANADA/UBEREATS TORONTO ON, UBER* EATS TORONTO ON, UBER EATS HTTPS://HELP.UB"
bestbuy,$3737,Online Purchase,"BEST BUY #958 COQUITLAM BC, BEST BUY #941 BBY STORE RICHMOND, BEST BUY #958 BBY STORE COQUITLAM"
ubertrip,$3452,Taxi,"UBER CANADA/UBERTRIP TORONTO ON, UBER* TRIP TORONTO ON, UBER TRIP 8005928996 CA USA, UBER TRIP HTTPS://HELP.UB"
accentadvisor,$3060,Education,ACCENT ADVISOR NEW YORK NY USA
labourrightslawcoquitlam,$2836,One-Time Purchases,"LABOURRIGHTSLAW COQUITLAM BC, LABOURRIGHTSLAW COQUITLAM"
optiomvehicle,$2813,Car,OPTIOM VEHICLE REPLACEM CALGARY
westlandinsurance,$2504,Car,WESTLAND INSURANCE GROU COQUITLAM
saveon,$2376,Groceries,"SAVE ON FOODS COQUITLAM BC, SAVE ON FOODS #991 COQUITLAM BC, SAVE ON FOODS 2290 COQUITLAM, SAVE ON FOODS #957 PORT COQUITLAM, SAVE ON FOODS COQUITLAM"
airbnb,$1877,Travel,"AIRBNB * HMNPJ2DMQC LONDON, AIRBNB * HMJFMMRPWQ LONDON, AIRBNB * HMXYHPTNPF LONDON"
wfca,$1814,One-Time Purchases,"WF* CA4235159906 MISSISSAUGA, WF* CA4234868356 MISSISSAUGA"
airlines,$1608,Taxi,"AIR CAN 00142109501099 WINNIPEG , AIR CAN 00142109501098 WINNIPEG , AIR CAN* 00142103309227 AIRCANAD, AIR CAN* 00142106062211 AIRCANAD, FRONTIER AIRLINES AIRLI DENVER, UNITED AIRLINES INC TEH CANADA"
integratedhealth,$1495,Health,"INTEGRATED HEALTH CLINI SURREY, INTEGRATED HEALTH CLINI LANGLEY"
shoppersdrug,$1396,Health,"SHOPPERS DRUG MART #22 COQUITLAM, SHOPPERS DRUG MART #220 COQUITLAM, SHOPPERS DRUG MART #214 PORT COQUITLAM, SHOPPERS DRUG MART #211 COQUITLAM, SHOPPERS DRUG MART #223 COQUITLAM, SHOPPERS DRUG MART #210 PORT MOODY"
hotel,$1301,Travel,"THE FAIRMONT HOTEL VAN VANCOUVER, THE FAIRMONT HOTEL VANC VANCOUVER, HOTEL ON BOOKING.COM AMSTERDAM, STANFORD COURT HOTEL SAN FRANCISCO"
wwwcanadiantirecaoakville,$1257,Car,WWW.CANADIANTIRE.CA OAKVILLE
mobile,$1149,Services,"FIDO Mobile ******8712 888-481-3, CLIPPER SYSTEMS MOBILE CONCORD C, FIDO Mobile ******4798 888-481-3, Maya Mobile 866-276-9470 DE USA, Maya Mobile Dover DE USA, KOODO MOBILE PAC EDMONTON AB, CLIPPER SYSTEMS MOBILE CONCORD, MAYA MOBILE DOVER"
kiwicom,$1113,Travel,KIWI COM S R O Kiwi Com BRNO
kintecfootlabs,$1064,Health,"KINTEC FOOTLABS INC. PORT MOODY , KINTEC FOOTLABS INC. PO PORT MOODY"
teluspreauth,$1001,Services,TELUS PRE-AUTH PAYMENT EDMONTON
primmuminsurance,$982,Groceries,PRIMMUM INSURANCE COMPA MONTREAL
integratedhealthclin,$978,Health,=INTEGRATEDHEALTHCLIN 0 LANGLEY
lsthe,$872,Sport,"LS THE DESTINATION SL NORTH VANC, LS THE SQUAMISH STORE SQUAMISH"
shell,$827,Gas,"SHELL C09942 PORT MOODY, SHELL C00026 COQUITLAM, SHELL SERVICE STATION 1 MARYSVILLE, SHELL C01029 VANCOUVER"
avisrentacar,$822,Travel,Avis Rent-A-Car E600301660 ITA
olivefertility,$820,Health,OLIVE FERTILITY VANCOUVER
thehome,$800,Home Improvement,"THE HOME DEPOT #7145 PORT COQUIT, THE HOME DEPOT #7274 NORTH YORK, THE HOME DEPOT #7145 PORT COQUITLA, THE HOME DEPOT #7259 VANCOUVER"
lifelabsbc,$795,Health,LIFELABS BC LP 161 COQUITLAM BC
spsecretlab,$754,One-Time Purchases,SP SECRETLAB CA SINGAPORE
bcferry,$740,Travel,"BCF - SALISH HERON VICTORIA, BCF - SALISH EAGLE VICTORIA, BCF - ONLINE SALES & BO VICTORIA, BCF - COWICHAN, QUEEN O VICTORIA, BCF-SWARTZ BAY VICTORIA, BCF - VANIS, SPIRIT OF VICTORIA"
lansdownechiropractic,$705,Health,LANSDOWNE CHIROPRACTIC COQUITLAM
sushi,$702,Prepared Food,"HANAYUKI SUSHI #57297 VANCOUVER , SUSHI MI PORT COQUITLA BC, SUSHI MODO #24924 VANCOUVER BC, SUSHI SAMBA - LAS VEGA LAS VEGAS, SUSHI MODO PORT MOODY 0 PORT MOODY, SUSHI MORI 001 COQUITLAM"
thriftyfoods,$676,Groceries,"THRIFTY FOODS #9470 POR PORT MOODY, THRIFTY FOODS #9459 SAL SALTSPRING IS, THRIFTY FOODS #9457 VIC VICTORIA"
jakscoquitlam,$670,Groceries,"JAK'S COQUITLAM CENTRA COQUITLAM, JAK'S COQUITLAM CENTRAL COQUITLAM"
wisteriaguest,$669,Travel,WISTERIA GUEST HOUSE 42 SLAT SPRING
wwwcostco,$646,Groceries,WWW COSTCO CA 888-426-7826 ON
innovacentre,$630,Counseling,INNOVA CENTRE FOR COUN NORTH VANCOUVER
sadieslunchworks,$608,Prepared Food,SADIE'S LUNCHWORKS BURNABY BC
linkedinrecruiter,$605,One-Time Purchases,"LinkedIn Recruiter P16 Mountain , LinkedIn Recruiter P29 Mountain , LinkedIn Recruiter 931 LINKEDIN."
aritziacoquitlam,$571,Clothing,ARITZIA COQUITLAM 1008 COQUITLAM
unitedcontine,$567,Travel,UNITED162301623678468344 CONTINE
jetblue,$565,Travel,JETBLUE 2792144823759 8005382583
ctconline,$562,Services,CTC* ONLINE PAYMENT COQUITLAM BC
costcogas,$555,Gas,COSTCO GAS W255 PT COQUITLAM BC
jimpattison,$543,Car,JIM PATTISON SUBARU COQ PORT COQUITLA
boathouse,$527,Prepared Food,BOAT HOUSE - PORT MOOD PORT MOOD
browns,$524,Prepared Food,#48 BROWN'S COQUITLAM COQUITLAM 
chevron,$509,Gas,"CHEVRON 0374326/CHEVRON BIRCH BAY, CHV43116 1ST & RUPERT C VANCOUVER, CHV43103 HILLVIEW CHEV VANCOUVER, CHV43105 PORT MOODY ON PORT MOODY, CHV43009 GRANDVIEW CHE VANCOUVER"
openroadsubaru,$500,Car,OPENROAD SUBARU BOUNDAR VANCOUVER
tennisfor,$495,Sport,TENNIS FOR LIFE COQUITLAM BC
westwoodtotal,$490,Health,WESTWOOD TOTAL HEALTH 0 COQUITLAM
telusmobility,$473,Services,TELUS MOBILITY PREAUTH CALGARY A
titihome,$456,Prepared Food,"TITI HOME MADE FOOD COQUITLAM BC, =TITIHOMEMADEFOOD 001 COQUITLAM, TITI HOME MADE FOOD 001 COQUITLAM"
provantinternational,$450,Groceries,"PROVANT INTERNATIONAL COQUITLAM , PROVANT INTERNATIONAL F COQUITLAM"
morreynissan,$444,Car,MORREY NISSAN OF COQUIT PORT COQUITLAM
rcbcanadatoronto,$427,Other,RCBCANADA TORONTO
expedia,$427,Travel,"EXPEDIA 72875269593679 EXPEDIA.CA, EXPEDIA 72824262987495 EXPEDIA.CA"
uhaulctr,$407,Car,UHAUL CTR BARNET PORT MOODY
kinsfarm,$372,Groceries,"KIN'S FARM LEV COQUITLAM BC, KIN'S FARM OXF PORT COQUITLA BC"
compassvending,$360,Other,COMPASS VENDING BURNABY BC
wbestore,$358,Sport,WB E-STORE WHISTLER BC
hmcoquitlam,$355,Clothing,HM Coquitlam Centre Coquitlam BC
zaatarw,$354,Prepared Food,ZAATAR W ZEIT Vancouver
ikeacoquitlam,$345,One-Time Purchases,IKEA COQUITLAM COQUITLAM
canadiantire,$342,Car,"CANADIAN TIRE #426 LANGLEY, CANADIAN TIRE #609 PORT COQUITLA, CANADIAN TIRE #369 VICTORIA"
sport,$337,Sport,#363 SPORT CHEK PORT COQUITLAM
spraggsand,$336,One-Time Purchases,SPRAGGS AND CO. LAW CO COQUITLAM
lavie,$334,Clothing,LA VIE EN ROSE INC #73 COQUITLAM
uniqlocanada,$324,Clothing,"Uniqlo Canada POS_CA_C Coquitlam, Uniqlo Canada Toronto ON, UNIQLO CANADA TORONTO"
icinstacart,$324,Groceries,IC* INSTACART*8314 HALIFAX MID-HAR
atmosphere,$318,Other,#163 ATMOSPHERE COQUITLAM BC
gendalfcounselling,$315,Counseling,GENDALF COUNSELLING NORTH VANCOU
abcanytimefitnes,$315,Sport,ABC*4920-ANYTIME FITNES PORT COQUITLAM
ttsupermarket,$305,Groceries,T&T SUPERMARKET #008 COQUITLAM B
shokzcanada,$303,One-Time Purchases,SHOKZ CANADA AUSTIN
modoco,$296,Car,MODO CO OPERATIVE VANCOUVER
tacofino,$292,Prepared Food,"TACOFINO OCHO VANCOUVER BC, TACOFINO HASTINGS VANCOUVER BC, TACOFINO SQUAMISH SQUAMISH BC, TACOFINO YALETOWN 41142 VANCOUVER, TACOFINO OCHO 411422326 VANCOUVER"
sqprado,$287,Prepared Food,SQ *PRADO STILL CREEK Burnaby BC
thierrychocolates,$272,Prepared Food,"THIERRY CHOCOLATES MO VANCOUVER , THIERRY CHOCOLATES VANCOUVER BC, THIERRY CHOCOLATES - AL Vancouver, THIERRY CHOCOLATES - MT Vancouver, THIERRY CHOCOLATES Vancouver"
urbangate,$271,Groceries,URBAN GATE COQUITLAM BC
pureintegrative,$269,Health,"PURE INTEGRATIVE PHARM LANGLEY B, PURE INTEGRATIVE PHARMA NEW WESTMINSTER"
flowers,$269,Other,"SQ *FRAN'S FLOWERS Coquitlam BC, VIVIO FLOWER GALLERY PORT MOODY , COQUITLAM FLORIST PORT COQUITLA , =FRAN'SFLOWERS 001 PORT COQUITLA"
andmesunnyvale,$267,One-Time Purchases,23ANDME SUNNYVALE
amazonweb,$256,Services,"Amazon Web Services www.amazon.c, AMAZON WEB SERVICES WWW.AMAZON.CA"
trailsidephysio,$255,Health,TRAILSIDE PHYSIO 404517 COQUITLAM
pricesmartfoods,$253,Groceries,"PRICESMART FOODS BURNABY BC, PRICESMART FOODS 2280 BURNABY BC, PRICESMART FOODS 2280 BURNABY, PRICESMART FOODS BURNABY"
hbhospitality,$253,Prepared Food,H&B HOSPITALITY COMPANY Port Moody
artof,$252,Entertainment,"Art Of Sauna & Spa BURNABY BC, ART OF SAUNA AND SPA BURNABY"
admitone,$246,Entertainment,ADMIT ONE 8494200005532 437-2421034
maruhachiramen,$236,Prepared Food,MARUHACHI RA-MEN COQUI COQUITLAM
saltspring,$231,Groceries,"SALT SPRING ISLAND CHE SALT SPRI, SALT SPRING APPLE COMPA Salt Spring Isl, SALT SPRING INN 4029231 SALT SPRING ISL, SALT SPRING PHARMACY 40 SALT SPRING ISL, SALT SPRING ISLAND CHEE SALT SPRING ISL, SALT SPRING WILD CIDER SALT-SPRG-ISL"
opacoquitlamcoquitlam,$227,Prepared Food,"OPA088-COQUITLAM COQUITLAM BC, OPA088-COQUITLAM COQUITLAM"
pradostill,$218,Prepared Food,PRADO STILL CREEK Burnaby
astep,$213,Clothing,A STEP AHEAD FOOTWEAR COQUITLAM 
americaneagle,$204,Clothing,American Eagle Outfitt MISSISSAU
sqthierry,$202,Prepared Food,SQ *THIERRY CHOCOLATES Vancouver
sabaithai,$200,Entertainment,SABAI THAI SPA INC. PORT COQUITL
abcanytimefitn,$189,Sport,ABC*4920-ANYTIME FITN PORT COQUI
spotifystockholm,$185,Entertainment,SPOTIFY STOCKHOLM
westjetteh,$182,Travel,WestJet TEH - TFS Toronto
londondrugs,$182,Other,"LONDON DRUGS 15 COQUITLAM BC, LONDON DRUGS 15 COQUITLAM, LONDON DRUGS #03 N.WESTMINSTER"
flightnetwrkmtdobtoronto,$171,Travel,flightnetwrkMTD6OB Toronto ON
greenlinedental,$170,Health,GREENLINE DENTAL CENTRE COQUITLAM
purchaseinterest,$168,Other,PURCHASE INTEREST
theymca,$167,Sport,The YMCA of Greater Van NEW WESTMINSTER
anytimefitness,$167,Sport,ANYTIME FITNESS 4076493 PORT COQUITLAM
wholefoods,$166,Groceries,"WHOLE FOODS MARKET VANCOUVER, WHOLE FOODS MARKET BURNABY"
winnershomesense,$162,Clothing,WINNERS/HOMESENSE 26 COQUITLAM
papparoticoquitlam,$161,Prepared Food,PAPPAROTI COQUITLAM BC
pizzeriaspacca,$153,Prepared Food,"Pizzeria Spacca Napoli 855-999-3, PIZZERIA SPACCA NAPOLI PORT MOODY"
zarametrotown,$152,Clothing,ZARA METROTOWN #3157 BURNABY BC
capilanosus,$151,Entertainment,CAPILANO SUS BR WEB 604-985-7474
park,$141,Car,"EASY PARK CP062 VANCOUVER BC, PARKING PPL TORONTO ON, SBC CALICO PARK SAN BERNARDIN CA, PARAGON PARKING LOS ANGELES CA U, UVIC PARKING VICTORIA BC, PARKEDIN PRECISE PARKLI NORTH YORK, INDIGO PARK - PAY BY PH VANCOUVER, IMPARK00010047U PORT MOODY, EASYPARK PAYBYPHONE VANCOUVER, SDOT PAYBYPHONE PARKING SEATTLE, INDIGO PARK-4321 STILL BURNABY, DOMINION SELF-PARK SYST VANCOUVER, IMPARK00661600U VANCOUVER"
thefeast,$135,Prepared Food,"THE FEAST Salt spring Isl, THE FEAST Capital F"
fiskarsliving,$134,Other,"FISKARS LIVING CANADA, RICHMOND HILL"
sussexinsurance,$133,Car,SUSSEX INSURANCE AGENCY COQUITLAM
sq,$129,Prepared Food,SQ *#1163 STEVE'S POKE Coquitlam
paypalakool,$126,Other,PAYPAL *AKOOL INC 4029357733 CA 
safeway,$126,Groceries,SAFEWAY #4936 PORT COQU PORT COQUITLA
costcoannual,$126,Groceries,COSTCO *ANNUAL RENEWAL 800-463-3
aldo,$123,Clothing,ALDO 1128 COQUITLAM BC
lstreehouse,$123,Prepared Food,LS TREEHOUSE TOYS BURNABY BC
stjames,$123,Prepared Food,"ST JAMES WELL PUB 00-08 PORT MOODY, ST JAMES S WELL PUB ST PORT MOODY"
compassaccount,$122,Other,"COMPASS ACCOUNT BURNABY BC, COMPASS ACCOUNT BURNAB BURNABY B, COMPASS ACCOUNT BURNABY"
hjuz,$120,Prepared Food,HJU Z LOUNGE VANCOUVER BC
membershipfee,$120,Services,MEMBERSHIP FEE INSTALLMENT
tstanthonys,$114,Prepared Food,TST* ANTHONY'S AT SQUAL BELLINGHAM
lushcoquitlam,$108,Other,LUSH COQUITLAM CENTRE L COQUITLAM
spbabybub,$105,One-Time Purchases,SP BABYBUB MATERNITY MILTON
jinyaramenbar,$103,Prepared Food,=JINYARAMENBAR 001 BURNABY
burnabykeg,$102,Prepared Food,BURNABY KEG #9 BURNABY BC
paypalproton,$101,Other,PAYPAL *PROTON 402-935-7733 MI U
paybyphone,$101,Car,"CITY OF VAN PAYBYPHONE VANCOUVER, PAYBYPHONE BURNABY VANCOUVER, PAYBYPHONE DIAMOND PAR VANCOUVER"
essosmart,$100,Gas,ESSO SMART STOP 37885 0 COQUITLAM
tmjohn,$99,Travel,TM *JOHN HEFFRON-FRI P LOS ANGELES
saintgermain,$98,Prepared Food,"SAINT GERMAIN BAKERY COQUITLAM B, SAINT GERMAIN BAKERY COQUITLAM"
bentley,$97,Prepared Food,BENTLEY #653 PORT COQUITLA BC
passwordtoronto,$94,Services,1PASSWORD TORONTO
goldsgym,$93,Sport,"GOLD'S GYM PT COQUITLA PORT COQU, GOLD'S GYM PT COQUITLAM PORT COQUITLAM"
artisanbistro,$93,Prepared Food,ARTISAN BISTRO VICTORIA BC
pspprosmartsalmaty,$92,Other,psp*ProSmarts ALMATY ALA KAZ
mcdonalds,$91,Prepared Food,"MCDONALD'S #8341 Q04 BURANBY BC, MCDONALD'S #21548 QPS PORT COQUI"
starbucks,$91,Prepared Food,"STARBUCKS 04660 BURNABY BC, STARBUCKS US RICHMOND BC, STARBUCKS 04895 PORT MOODY BC, STARBUCKS 04213 VANCOUVER BC, STARBUCKS 00157 VANCOUVER BC, STARBUCKS 00136 PT-COQUITLAM, STARBUCKS STORE 2242 NAPAVINE, STARBUCKS 04895 PORT MOODY"
collinspub,$90,Prepared Food,COLLINS PUB SEATTLE
tractorfoods,$90,Prepared Food,"TRACTOR FOODS - MARINE VANCOUVER, TRACTOR FOODS - ROBSON VANCOUVER"
iltramezzino,$89,Travel,IL TRAMEZZINO BEVERLY BEVERLY HI
lantzvillepub,$89,Prepared Food,LANTZVILLE PUB LANTZVILLE
littledonkey,$87,Prepared Food,"LITTLE DONKEY FOOD & D LANGLEY B, LITTLE DONKEY FOOD & DR LANGLEY"
sqblossom,$87,Prepared Food,SQ *BLOSSOM & VINE FLO Vancouver
calmcomsubscription,$86,Entertainment,CALM.COM SUBSCRIPTION PALO ALTO 
carderosrestaurant,$83,Prepared Food,CARDERO'S RESTAURANT VANCOUVER
spplantsome,$83,One-Time Purchases,SP PLANTSOME VANCOUVER
fortsupermarket,$82,Groceries,FORT SUPERMARKET LTD. 4 LANGLEY
hpcanada,$82,Other,HP CANADA CO 877-231-4351
earlsrobson,$80,Prepared Food,EARLS ROBSON STREET Vancouver
jjmarket,$78,Groceries,JJ MARKET VANCOUVER BC
frankiesvancouver,$77,Prepared Food,FRANKIES VANCOUVER VANCOUVER BC
shawcablesystems,$77,Services,SHAW CABLESYSTEMS CALGA CALGARY
tstoffthe,$75,Prepared Food,TST-OFF THE HOOK SALT SPRING ISL
walmart,$75,Groceries,WAL-MART 1208 1208 OTTAWA
briocheurban,$75,Prepared Food,BRIOCHE URBAN BAKING LT VANCOUVER
thierrymount,$74,Prepared Food,THIERRY MOUNT PLEASANT VANCOUVER
lssprezzatura,$74,Prepared Food,LS SPREZZATURA VANCOUVER
googlechess,$73,Entertainment,"GOOGLE *Chess Play and 650-253-0, GOOGLE *Chess com 650-253-0000 N"
pharamsaveport,$72,Health,PHARAMSAVE#190 PORT COQUITLAM
papparoti,$71,Prepared Food,"=PAPPAROTI 001 COQUITLAM, PAPPAROTI 001 COQUITLAM"
hopcottfarms,$67,Groceries,"HOPCOTT FARMS PITT MEADOWS BC, HOPCOTT FARMS BISTRO PITT MEADOW"
calmradio,$67,Entertainment,CALM RADIO TORONTO ON
lyft,$67,Taxi,"LYFT *1 RIDE 02-25 VANCOUVER, LYFT *1 RIDE 02-10 SAN FRANCISCO"
coursravukxdgoofschiphol,$66,Education,COURSRA*5V2U4K4XD2GOOF SCHIPHOL 
earlsbrentwood,$66,Prepared Food,EARLS BRENTWOOD Burnaby
epcp,$65,Car,EP CP HO VANCOUVER
steves,$65,Prepared Food,#1163 STEVE'S POKE BAR Coquitlam
audible,$64,Entertainment,"Audible CA*RN4DL5M40 Amzn.com/bi, Audible CA*RY6RG9OQ1 Amzn.com/bi, Audible CA*RM0JX6GW2 Amzn.com/bi, Audible CA*E50W66KM3 Amzn.com/bi"
uniquemed,$64,Other,UNIQUE MED SPA & HAIR COQUITLAM 
cvspharmacy,$63,Health,CVS/PHARMACY #10391 000 SAN FRANCISCO
joe,$63,Prepared Food,JOE & THE JUICE ST2039 RICHMOND 
carters,$63,Other,CARTERS #3646 000003646 COQUITLAM
winners,$62,Clothing,WINNERS 322 COQUITLAM BC
marketplaceiga,$61,Prepared Food,MARKETPLACE IGA 36 COQUITLAM
langleyfarm,$60,Groceries,LANGLEY FARM MARKET PITT MEADOWS
ramenbella,$60,Prepared Food,RAMEN BELLA PORT COQUITLA BC
tribemanagement,$59,Services,TRIBE MANAGEMENT INC VANCOUVER B
netflixcom,$59,Entertainment,"NETFLIX.COM 844-505-2993, NETFLIX.COM 866-716-0414"
grandecreperie,$59,Prepared Food,GRANDE CREPERIE SAN FRANCISCO
shaughnessybeer,$58,Groceries,SHAUGHNESSY BEER & WINE PORT COQUITLAM
tstrhythmroom,$57,Travel,TST*RHYTHM ROOM LA Los Angeles C
petrocanada,$57,Gas,"PETRO-CANADA 39070 SQUAMISH, PETRO CANADA69820 COQUITLAM"
tstthe,$57,Travel,TST* THE WOLVES LOS ANGELES CA U
cityavenue,$56,Prepared Food,CITY AVENUE MARKET 4106 PORT COQUITLAM
yiannisgreek,$56,Prepared Food,YIANNIS GREEK TAVERNA N NEW WESTMINST
googleskype,$55,Services,"GOOGLE *Skype 650-253-0000 NS, GOOGLE *SKYPE G.CO/HELPPAY#"
coqcity,$55,Sport,COQ CITY CENTRE AQUATI COQUITLAM
steamworksmount,$50,Prepared Food,STEAMWORKS MOUNT PLEASA VANCOUVER
ozkorean,$49,Prepared Food,OZ KOREAN CUISINE COQUITLAM BC
ninjabubble,$48,Prepared Food,NINJA BUBBLE TEA X POKE Coquitlam
abcanytimefitne,$47,Sport,ABC*4920-ANYTIME FITNE PORT COQU
expresswash,$45,Car,"EXPRESS WASH/001035783 PORT COQUITLAM, EXPRESS WASH/001035606 PORT COQUITLAM"
opasouvlakopa,$44,Prepared Food,OPASOUVLAK* OPA! - COQ SURREY
hudsonst,$44,Other,HUDSON ST1526 RICHMOND BC
mariassouvlaki,$44,Prepared Food,MARIA'S SOUVLAKI GRE SIDNEY
belowthe,$43,Clothing,BELOW THE BELT COQUITLAM BC
urbanbarn,$43,Groceries,"URBAN BARN C108 COQUITLAM BC, URBAN BARN C108 COQUITLAM"
hmhennes,$43,Clothing,H&M HENNES & MAURITZ IN TORONTO
tstcazba,$42,Prepared Food,"TST-CAZBA - COQUITLAM COQUITLAM, TST-CAZBA - BRENTWOOD BURNABY"
medicineshoppe,$42,Health,MEDICINE SHOPPE #163 SURREY BC
bathand,$41,Other,BATH AND BODY #6082 COQUITLAM BC
junctionorchard,$41,Groceries,JUNCTION ORCHARD & CIDE VICTORIA
icbc,$40,Car,ICBC #25555 VANCOUVER VANCOUVER
splitwiseprovidence,$40,Services,SPLITWISE PROVIDENCE
bluewater,$40,Health,BLUE WATER MEDICAL VANCOUVER
insideout,$40,Prepared Food,"INSIDE OUT TEA LOFT COQUITLAM BC, INSIDE OUT TEA LOFT 001 COQUITLAM"
disneyplus,$39,Entertainment,"DISNEY PLUS RECURRING BURBANK, DISNEY PLUS ECOM BURBANK"
applecombill,$39,Other,APPLE.COM/BILL 866-712-7753 ON
blacksheep,$38,Other,BLACK SHEEP BOOKS BLACK SALT SPRING I
lshampton,$38,Prepared Food,LS HAMPTON HOME LIVING PORT COQUITLAM
thparallel,$37,Prepared Food,49TH PARALLEL ROASTERS VANCOUVER
cobsbread,$37,Groceries,"COBS BREAD OXFORD MARKE PORT COQUITIAM, COBS BREAD SUNWOOD SQUA COQUITLAM"
gustoa,$34,Prepared Food,GUSTO A TASTE OF ITALY VANCOUVER
dynamite,$34,Prepared Food,DYNAMITE #270 COQUITLAM BC
picnicvictoria,$34,Prepared Food,PICNIC Victoria
purebreadvancouver,$33,Prepared Food,PUREBREAD VANCOUVER VANCOUVER
westwoodplateau,$32,Prepared Food,WESTWOOD PLATEAU EXECU COQUITLAM
citysquare,$32,Other,CITY SQUARE PROPERTY BURNABY
saysutshunnewcastle,$30,Prepared Food,SAYSUTSHUN NEWCASTLE IS NANAIMO
tiqetscomamsterdam,$30,Entertainment,Tiqets.com Amsterdam NLD NLD
koyajapan,$30,Prepared Food,KOYA JAPAN 411730637 COQUITLAM
orangetravel,$30,Travel,ORANGE TRAVEL ISSY LES MOUL FRA 
audiobookstorecom,$29,Entertainment,AUDIOBOOKSTORE COM SAINT CHARLES
monovanv,$28,Entertainment,MONOVA (NV MUSEUM AND N-VANCOUVER
zipbycanada,$27,Car,ZIPBY CANADA LIMITED 604-608-4043
salsamexicanrestaura,$27,Prepared Food,=SALSAMEXICANRESTAURA 0 DELTA
spssi,$26,Groceries,SP SSI MEAD CO. SALT SPRING ISL
sqzaatar,$26,Prepared Food,SQ *ZAATAR W ZEIT Vancouver BC
freshii,$25,Prepared Food,FRESHII - 1247 - POCO P PORT COQUITLAM
netflixcomvancover,$25,Entertainment,NETFLIX.COM VANCOVER
djwallstjournal,$24,Entertainment,D J*WALL-ST-JOURNAL 800-568-7625
cypressmountain,$24,Prepared Food,"CYPRESS MOUNTAIN WEST VANCOUVE B, CYPRESS MOUNTAIN W VANCOUVER BC"
cineplexentertainment,$24,Entertainment,CINEPLEX ENTERTAINMENT 416-323-6
sqconservatory,$24,Other,SQ *CONSERVATORY OF FL San Franc
amazonprimeralo,$23,Services,AMAZON PRIME*RA7L29O90 AMZN.COM/BILL
stevespoke,$23,Prepared Food,STEVE'S POKE BAR - BREN Burnaby
cavallic,$23,Prepared Food,CAVALLI C San Francisco
pourquoipas,$23,Prepared Food,POURQUOI PAS PATISSERIE Coquitlam
paypalx,$22,Other,PAYPAL *X. GENERATIVE 0207048770
faubourghornby,$22,Prepared Food,FAUBOURG HORNBY Vancouver
gongyoukitchen,$22,Prepared Food,=GONGYOUKITCHEN 001 PT-COQUITLAM
googleprosto,$21,Other,GOOGLE *PROSTO G.CO/HELPPAY#
lafloreria,$21,Other,LA FLORERIA 001 VANCOUVER
sewaksno,$21,Groceries,SEWAK'S NO FRILLS STOR PT-COQUIT
cactusclub,$20,Prepared Food,CACTUS CLUB COQUITLAM COQUITLAM 
gofndmefundraising,$20,Other,GOFNDME* FUNDRAISING F SURREY BC
compassautoload,$20,Other,COMPASS AUTOLOAD BURNABY
hudsonsbay,$19,Other,HUDSON'S BAY #1171 COQU COQUITLAM
prxpizzeriaspacca,$18,Prepared Food,PRX*PIZZERIA SPACCA NA PORT MOOD
bcliquor,$17,Groceries,BC LIQUOR #208 SQUAMISH BC
opaxxx,$17,Prepared Food,OPA| XXX - ABBOTSFORD ABBOTSFORD
guava,$17,Prepared Food,GUAVA & JAVA SFO 0000 SAN FRANCISCO
arelite,$17,Prepared Food,AR ELITE RANCH YERMO CA USA
sqgs,$16,Prepared Food,SQ *G'S DONAIRS chilliwack BC
communityspirits,$16,Groceries,COMMUNITY SPIRITS LIQUO WEST VANCOUVER
giancarloitalian,$16,Prepared Food,GIANCARLO ITALIAN DELI COQUITLAM
djwsj,$16,Entertainment,D J*WSJ 800-568-7625 NJ USA
lifebalance,$16,Entertainment,LIFE BALANCE WELLNESS 4 COQUITLAM
wellfed,$15,Prepared Food,WELL FED SOCIAL CLUB POINT ROBERTS
icbcpoco,$15,Car,ICBC POCO DRIVER LICEN PORT COQU
wikipediagift,$15,Other,WIKIPEDIA GIFT SAN FRANCISCO
flowbirdnorth,$15,Car,FLOWBIRD NORTH YORK
tstearlof,$14,Prepared Food,TST-EARL OF SANDWICH - PORT COQUITLAM
wendelsbook,$14,Other,WENDEL'S BOOK STORE & LANGLEY BC
jugojuice,$14,Prepared Food,JUGO JUICE COQUITLAM BC
welaprogressivehealt,$14,Health,=WELAPROGRESSIVEHEALT 0 N-VANCOUVER
vivavegas,$13,Travel,VIVA VEGAS BALLEY'S LAS VEGAS NV
beelmanspub,$13,Travel,BEELMANS PUB LOS ANGELES CA USA
evocar,$12,Car,EVO CAR SHARE BURNABY
thechopped,$12,Prepared Food,THE CHOPPED LEAF CL100 ABBOTSFOR
sqpourquoi,$12,Prepared Food,SQ *POURQUOI PAS PATIS Coquitlam
urbanfare,$12,Groceries,URBAN FARE #7618 VANCOUVER
freshst,$12,Groceries,FRESH ST. MARKET 1055 VANCOUVER
amazonchannels,$11,Entertainment,AMAZON CHANNELS AMAZON.CA
paypalcalm,$11,Entertainment,PAYPAL *CALM RADIO 4029357733 QC
sqred,$11,Prepared Food,SQ *RED FISH BLUE FISH Victoria 
cityof,$11,Travel,"CITY OF BEVERLY HILLS 0 BEVERLY HILLS, CITY OF OLYMPIA PBP PAR OLYMPIA, CITY OF VICTORIA PAR VICTORIA"
university,$10,Other,525 UNIVERSITY AVENUE TORONTO ON
wordon,$10,Other,WORD ON THE STRAIT DELTA BC
sunfirepizzeria,$10,Prepared Food,SUNFIRE PIZZERIA 001 PT-COQUITLAM
mygamstoremygamesamsterdam,$10,Other,mygam/store.my.games Amsterdam N
mycomstoremygameslimassol,$10,Other,mycom/store.my.games Limassol CY
sweetthea,$10,Prepared Food,"SWEET THEA BAKERY, LTD. Delta"
maras,$10,Prepared Food,MARA S ITALIAN PASTRY OAKLAND CA
laruota,$10,Prepared Food,LA RUOTA COQUITLAM BC
milanoespresso,$9,Prepared Food,MILANO ESPRESSO BAR 001 VANCOUVER
dhantiinvestments,$9,Other,DHANTI INVESTMENTS LTD. SURREY
freshslicepizza,$8,Prepared Food,FRESHSLICE PIZZA NORTH VANCOUV B
uppercase,$8,Other,UPPER CASE VANCOUVER BC
spanishbanks,$7,Prepared Food,SPANISH BANKS EAST CON VANCOUVER
sqgoldies,$7,Prepared Food,SQ *GOLDIE'S DONUTS & West Vanco
epicureangroup,$7,Other,EPICUREAN GROUP AT OMSI Portland
coles,$7,Other,COLES 054 BURNABY BC
googlenovalauncher,$7,Entertainment,GOOGLE *NovaLauncher g.co/helppa
googleitc,$7,Travel,GOOGLE *ITC IZI TRAVEL g.co/help
sqhb,$7,Prepared Food,SQ *H&B HOSPITALITY CO Port Mood
tipbusker,$6,Prepared Food,TIP BUSKER ON BUSKCO NORTH VANCOUVER
ronahc,$6,Home Improvement,RONA HC 61260 COQUITL COQUITLAM 
museedes,$6,Other,MUSEE DES BEAUX ARTS D MONTREAL 
canadacomputers,$6,Other,CANADA COMPUTERS #50 PORT COQUITLAM
rockypoint,$6,Prepared Food,ROCKY POINT ICE CREAM I Port Moody
tsthighflying,$5,Prepared Food,TST*HIGH FLYING FOODS San Franci
matteosgelato,$5,Prepared Food,MATTEOS GELATO PT-COQUITLAM
mrgbiltmore,$5,Other,MRG BILTMORE OPERATIONS Vancouver
ahlgrenskonfektyr,$5,Other,AHLGRENS KONFEKTYR LUND SWE SWE
uspspo,$5,Other,USPS PO 4067620004 0013 PORTLAND
patreonmembership,$4,Entertainment,Patreon* Membership Internet IRL
blenzon,$4,Prepared Food,BLENZ ON GRANVILLE & D VANCOUVER
postmediadigital,$4,Entertainment,POSTMEDIA DIGITAL SUBS TORONTO O
muffindelight,$4,Prepared Food,MUFFIN DELIGHT N-VANCOUVER BC
sunsetbeach,$4,Other,SUNSET BEACH CONCESSIO VANCOUVER
christmastraditions,$4,Other,CHRISTMAS TRADITIONS SURREY BC
mygamdonationalertscamsterdam,$3,Other,mygam/donationalerts.c Amsterdam
shipmentfreecomye,$3,Other,SHIPMENTFREE.COM Y1E Los Angeles
subway,$2,Prepared Food,Subway 15703 Coquitlam BC
bazingatechnologies,$2,Other,BAZINGA TECHNOLOGIES I VANCOUVER
staplesstore,$1,Other,STAPLES STORE #68 COQUITLAM
brownssocialhouse,$1,Prepared Food,BROWNS SOCIALHOUSE TOW COQUITLAM
nayaxcanada,$1,Other,NAYAX CANADA INC MASTE FREDERICT
